id,idMesa,codigoMesa,idEleccion,idUbigeo,centroPoblado,nombreLocalVotacion,codigoLocalVotacion,totalElectoresHabiles,totalVotosEmitidos,totalVotosValidos,totalAsistentes,porcentajeParticipacionCiudadana,estadoActa,estadoComputo,codigoEstadoActa,descripcionEstadoActa,adAgrupacionPolitica,adDescripcion,adVotos,adPorcentajeVotosEmitidos
8806495020210,88064,088064,10,950202,,EMBAJADA DEL PERÚ EN NUEVA ZELANDA.  ,90216,286,70,65,70,24.476,D,N,C,Contabilizada,21,PARTIDO FRENTE DE LA ESPERANZA 2021,0,0
8806495020210,88064,088064,10,950202,,EMBAJADA DEL PERÚ EN NUEVA ZELANDA.  ,90216,286,70,65,70,24.476,D,N,C,Contabilizada,38,UNIDAD NACIONAL,0,0
8806495020210,88064,088064,10,950202,,EMBAJADA DEL PERÚ EN NUEVA ZELANDA.  ,90216,286,70,65,70,24.476,D,N,C,Contabilizada,15,PARTIDO DE LOS TRABAJADORES Y EMPRENDEDORES PTE - PERÚ,0,0
8806495020210,88064,088064,10,950202,,EMBAJADA DEL PERÚ EN NUEVA ZELANDA.  ,90216,286,70,65,70,24.476,D,N,C,Contabilizada,27,PARTIDO POLÍTICO NACIONAL PERÚ LIBRE,1,1.429
8806495020210,88064,088064,10,950202,,EMBAJADA DEL PERÚ EN NUEVA ZELANDA.  ,90216,286,70,65,70,24.476,D,N,C,Contabilizada,16,PARTIDO DEL BUEN GOBIERNO,14,20
8806495020210,88064,088064,10,950202,,EMBAJADA DEL PERÚ EN NUEVA ZELANDA.  ,90216,286,70,65,70,24.476,D,N,C,Contabilizada,36,SALVEMOS AL PERÚ,0,0
8806495020210,88064,088064,10,950202,,EMBAJADA DEL PERÚ EN NUEVA ZELANDA.  ,90216,286,70,65,70,24.476,D,N,C,Contabilizada,31,PARTIDO SICREO,0,0
8806495020210,88064,088064,10,950202,,EMBAJADA DEL PERÚ EN NUEVA ZELANDA.  ,90216,286,70,65,70,24.476,D,N,C,Contabilizada,20,PARTIDO DEMOCRÁTICO SOMOS PERÚ,0,0
8806495020210,88064,088064,10,950202,,EMBAJADA DEL PERÚ EN NUEVA ZELANDA.  ,90216,286,70,65,70,24.476,D,N,C,Contabilizada,13,PARTIDO CIUDADANOS POR EL PERÚ,,0
8806495020210,88064,088064,10,950202,,EMBAJADA DEL PERÚ EN NUEVA ZELANDA.  ,90216,286,70,65,70,24.476,D,N,C,Contabilizada,11,LIBERTAD POPULAR,0,0
8806495020210,88064,088064,10,950202,,EMBAJADA DEL PERÚ EN NUEVA ZELANDA.  ,90216,286,70,65,70,24.476,D,N,C,Contabilizada,26,PARTIDO POLÍTICO INTEGRIDAD DEMOCRÁTICA,0,0
8806495020210,88064,088064,10,950202,,EMBAJADA DEL PERÚ EN NUEVA ZELANDA.  ,90216,286,70,65,70,24.476,D,N,C,Contabilizada,34,PROGRESEMOS,1,1.429
8806495020210,88064,088064,10,950202,,EMBAJADA DEL PERÚ EN NUEVA ZELANDA.  ,90216,286,70,65,70,24.476,D,N,C,Contabilizada,25,PARTIDO POLÍTICO COOPERACIÓN POPULAR,0,0
8806495020210,88064,088064,10,950202,,EMBAJADA DEL PERÚ EN NUEVA ZELANDA.  ,90216,286,70,65,70,24.476,D,N,C,Contabilizada,24,PARTIDO PATRIÓTICO DEL PERÚ,0,0
8806495020210,88064,088064,10,950202,,EMBAJADA DEL PERÚ EN NUEVA ZELANDA.  ,90216,286,70,65,70,24.476,D,N,C,Contabilizada,5,FE EN EL PERÚ,0,0
8806495020210,88064,088064,10,950202,,EMBAJADA DEL PERÚ EN NUEVA ZELANDA.  ,90216,286,70,65,70,24.476,D,N,C,Contabilizada,35,RENOVACIÓN POPULAR,23,32.857
8806495020210,88064,088064,10,950202,,EMBAJADA DEL PERÚ EN NUEVA ZELANDA.  ,90216,286,70,65,70,24.476,D,N,C,Contabilizada,12,PARTIDO APRISTA PERUANO,4,5.714
8806495020210,88064,088064,10,950202,,EMBAJADA DEL PERÚ EN NUEVA ZELANDA.  ,90216,286,70,65,70,24.476,D,N,C,Contabilizada,10,JUNTOS POR EL PERÚ,0,0
8806495020210,88064,088064,10,950202,,EMBAJADA DEL PERÚ EN NUEVA ZELANDA.  ,90216,286,70,65,70,24.476,D,N,C,Contabilizada,1,ALIANZA PARA EL PROGRESO,0,0
8806495020210,88064,088064,10,950202,,EMBAJADA DEL PERÚ EN NUEVA ZELANDA.  ,90216,286,70,65,70,24.476,D,N,C,Contabilizada,3,ALIANZA ELECTORAL VENCEREMOS,0,0
8806495020210,88064,088064,10,950202,,EMBAJADA DEL PERÚ EN NUEVA ZELANDA.  ,90216,286,70,65,70,24.476,D,N,C,Contabilizada,23,PARTIDO PAÍS PARA TODOS,2,2.857
8806495020210,88064,088064,10,950202,,EMBAJADA DEL PERÚ EN NUEVA ZELANDA.  ,90216,286,70,65,70,24.476,D,N,C,Contabilizada,17,PARTIDO DEMÓCRATA UNIDO PERÚ,0,0
8806495020210,88064,088064,10,950202,,EMBAJADA DEL PERÚ EN NUEVA ZELANDA.  ,90216,286,70,65,70,24.476,D,N,C,Contabilizada,37,UN CAMINO DIFERENTE,0,0
8806495020210,88064,088064,10,950202,,EMBAJADA DEL PERÚ EN NUEVA ZELANDA.  ,90216,286,70,65,70,24.476,D,N,C,Contabilizada,8,FUERZA POPULAR,4,5.714
8806495020210,88064,088064,10,950202,,EMBAJADA DEL PERÚ EN NUEVA ZELANDA.  ,90216,286,70,65,70,24.476,D,N,C,Contabilizada,14,PARTIDO CÍVICO OBRAS,3,4.286
8806495020210,88064,088064,10,950202,,EMBAJADA DEL PERÚ EN NUEVA ZELANDA.  ,90216,286,70,65,70,24.476,D,N,C,Contabilizada,19,PARTIDO DEMOCRATICO FEDERAL,0,0
8806495020210,88064,088064,10,950202,,EMBAJADA DEL PERÚ EN NUEVA ZELANDA.  ,90216,286,70,65,70,24.476,D,N,C,Contabilizada,30,PARTIDO POLÍTICO PRIN,0,0
8806495020210,88064,088064,10,950202,,EMBAJADA DEL PERÚ EN NUEVA ZELANDA.  ,90216,286,70,65,70,24.476,D,N,C,Contabilizada,29,PARTIDO POLÍTICO PERÚ PRIMERO,1,1.429
8806495020210,88064,088064,10,950202,,EMBAJADA DEL PERÚ EN NUEVA ZELANDA.  ,90216,286,70,65,70,24.476,D,N,C,Contabilizada,32,PODEMOS PERÚ,0,0
8806495020210,88064,088064,10,950202,,EMBAJADA DEL PERÚ EN NUEVA ZELANDA.  ,90216,286,70,65,70,24.476,D,N,C,Contabilizada,33,"PRIMERO LA GENTE – COMUNIDAD, ECOLOGÍA, LIBERTAD Y PROGRESO",8,11.429
8806495020210,88064,088064,10,950202,,EMBAJADA DEL PERÚ EN NUEVA ZELANDA.  ,90216,286,70,65,70,24.476,D,N,C,Contabilizada,7,AVANZA PAÍS - PARTIDO DE INTEGRACIÓN SOCIAL,0,0
8806495020210,88064,088064,10,950202,,EMBAJADA DEL PERÚ EN NUEVA ZELANDA.  ,90216,286,70,65,70,24.476,D,N,C,Contabilizada,4,PERÚ MODERNO,0,0
8806495020210,88064,088064,10,950202,,EMBAJADA DEL PERÚ EN NUEVA ZELANDA.  ,90216,286,70,65,70,24.476,D,N,C,Contabilizada,2,AHORA NACIÓN - AN,4,5.714
8806495020210,88064,088064,10,950202,,EMBAJADA DEL PERÚ EN NUEVA ZELANDA.  ,90216,286,70,65,70,24.476,D,N,C,Contabilizada,6,FRENTE POPULAR AGRÍCOLA FÍA DEL PERÚ,,0
8806495020210,88064,088064,10,950202,,EMBAJADA DEL PERÚ EN NUEVA ZELANDA.  ,90216,286,70,65,70,24.476,D,N,C,Contabilizada,22,PARTIDO MORADO,0,0
8806495020210,88064,088064,10,950202,,EMBAJADA DEL PERÚ EN NUEVA ZELANDA.  ,90216,286,70,65,70,24.476,D,N,C,Contabilizada,18,PARTIDO DEMÓCRATA VERDE,0,0
8806495020210,88064,088064,10,950202,,EMBAJADA DEL PERÚ EN NUEVA ZELANDA.  ,90216,286,70,65,70,24.476,D,N,C,Contabilizada,9,FUERZA Y LIBERTAD,0,0
8806495020210,88064,088064,10,950202,,EMBAJADA DEL PERÚ EN NUEVA ZELANDA.  ,90216,286,70,65,70,24.476,D,N,C,Contabilizada,28,PARTIDO POLÍTICO PERÚ ACCIÓN,0,0
8806495020210,88064,088064,10,950202,,EMBAJADA DEL PERÚ EN NUEVA ZELANDA.  ,90216,286,70,65,70,24.476,D,N,C,Contabilizada,81,VOTOS NULOS,2,2.857
8806495020210,88064,088064,10,950202,,EMBAJADA DEL PERÚ EN NUEVA ZELANDA.  ,90216,286,70,65,70,24.476,D,N,C,Contabilizada,80,VOTOS EN BLANCO,3,4.286
8806495020210,88064,088064,10,950202,,EMBAJADA DEL PERÚ EN NUEVA ZELANDA.  ,90216,286,70,65,70,24.476,D,N,C,Contabilizada,82,VOTOS IMPUGNADOS,0,0
8806495020215,88064,088064,15,950202,,EMBAJADA DEL PERÚ EN NUEVA ZELANDA.  ,90216,286,70,63,70,24.476,D,N,C,Contabilizada,5,FE EN EL PERÚ,0,0
8806495020215,88064,088064,15,950202,,EMBAJADA DEL PERÚ EN NUEVA ZELANDA.  ,90216,286,70,63,70,24.476,D,N,C,Contabilizada,35,RENOVACIÓN POPULAR,22,31.429
8806495020215,88064,088064,15,950202,,EMBAJADA DEL PERÚ EN NUEVA ZELANDA.  ,90216,286,70,63,70,24.476,D,N,C,Contabilizada,15,PARTIDO DE LOS TRABAJADORES Y EMPRENDEDORES PTE - PERÚ,0,0
8806495020215,88064,088064,15,950202,,EMBAJADA DEL PERÚ EN NUEVA ZELANDA.  ,90216,286,70,63,70,24.476,D,N,C,Contabilizada,32,PODEMOS PERÚ,1,1.429
8806495020215,88064,088064,15,950202,,EMBAJADA DEL PERÚ EN NUEVA ZELANDA.  ,90216,286,70,63,70,24.476,D,N,C,Contabilizada,34,PROGRESEMOS,0,0
8806495020215,88064,088064,15,950202,,EMBAJADA DEL PERÚ EN NUEVA ZELANDA.  ,90216,286,70,63,70,24.476,D,N,C,Contabilizada,31,PARTIDO SICREO,2,2.857
8806495020215,88064,088064,15,950202,,EMBAJADA DEL PERÚ EN NUEVA ZELANDA.  ,90216,286,70,63,70,24.476,D,N,C,Contabilizada,24,PARTIDO PATRIÓTICO DEL PERÚ,0,0
8806495020215,88064,088064,15,950202,,EMBAJADA DEL PERÚ EN NUEVA ZELANDA.  ,90216,286,70,63,70,24.476,D,N,C,Contabilizada,26,PARTIDO POLÍTICO INTEGRIDAD DEMOCRÁTICA,0,0
8806495020215,88064,088064,15,950202,,EMBAJADA DEL PERÚ EN NUEVA ZELANDA.  ,90216,286,70,63,70,24.476,D,N,C,Contabilizada,7,AVANZA PAÍS - PARTIDO DE INTEGRACIÓN SOCIAL,2,2.857
8806495020215,88064,088064,15,950202,,EMBAJADA DEL PERÚ EN NUEVA ZELANDA.  ,90216,286,70,63,70,24.476,D,N,C,Contabilizada,13,PARTIDO CIUDADANOS POR EL PERÚ,,0
8806495020215,88064,088064,15,950202,,EMBAJADA DEL PERÚ EN NUEVA ZELANDA.  ,90216,286,70,63,70,24.476,D,N,C,Contabilizada,12,PARTIDO APRISTA PERUANO,4,5.714
8806495020215,88064,088064,15,950202,,EMBAJADA DEL PERÚ EN NUEVA ZELANDA.  ,90216,286,70,63,70,24.476,D,N,C,Contabilizada,30,PARTIDO POLÍTICO PRIN,0,0
8806495020215,88064,088064,15,950202,,EMBAJADA DEL PERÚ EN NUEVA ZELANDA.  ,90216,286,70,63,70,24.476,D,N,C,Contabilizada,33,"PRIMERO LA GENTE – COMUNIDAD, ECOLOGÍA, LIBERTAD Y PROGRESO",5,7.143
8806495020215,88064,088064,15,950202,,EMBAJADA DEL PERÚ EN NUEVA ZELANDA.  ,90216,286,70,63,70,24.476,D,N,C,Contabilizada,22,PARTIDO MORADO,1,1.429
8806495020215,88064,088064,15,950202,,EMBAJADA DEL PERÚ EN NUEVA ZELANDA.  ,90216,286,70,63,70,24.476,D,N,C,Contabilizada,38,UNIDAD NACIONAL,2,2.857
8806495020215,88064,088064,15,950202,,EMBAJADA DEL PERÚ EN NUEVA ZELANDA.  ,90216,286,70,63,70,24.476,D,N,C,Contabilizada,1,ALIANZA PARA EL PROGRESO,0,0
8806495020215,88064,088064,15,950202,,EMBAJADA DEL PERÚ EN NUEVA ZELANDA.  ,90216,286,70,63,70,24.476,D,N,C,Contabilizada,19,PARTIDO DEMOCRATICO FEDERAL,0,0
8806495020215,88064,088064,15,950202,,EMBAJADA DEL PERÚ EN NUEVA ZELANDA.  ,90216,286,70,63,70,24.476,D,N,C,Contabilizada,4,PERÚ MODERNO,,0
8806495020215,88064,088064,15,950202,,EMBAJADA DEL PERÚ EN NUEVA ZELANDA.  ,90216,286,70,63,70,24.476,D,N,C,Contabilizada,29,PARTIDO POLÍTICO PERÚ PRIMERO,1,1.429
8806495020215,88064,088064,15,950202,,EMBAJADA DEL PERÚ EN NUEVA ZELANDA.  ,90216,286,70,63,70,24.476,D,N,C,Contabilizada,3,ALIANZA ELECTORAL VENCEREMOS,0,0
8806495020215,88064,088064,15,950202,,EMBAJADA DEL PERÚ EN NUEVA ZELANDA.  ,90216,286,70,63,70,24.476,D,N,C,Contabilizada,25,PARTIDO POLÍTICO COOPERACIÓN POPULAR,0,0
8806495020215,88064,088064,15,950202,,EMBAJADA DEL PERÚ EN NUEVA ZELANDA.  ,90216,286,70,63,70,24.476,D,N,C,Contabilizada,27,PARTIDO POLÍTICO NACIONAL PERÚ LIBRE,1,1.429
8806495020215,88064,088064,15,950202,,EMBAJADA DEL PERÚ EN NUEVA ZELANDA.  ,90216,286,70,63,70,24.476,D,N,C,Contabilizada,37,UN CAMINO DIFERENTE,0,0
8806495020215,88064,088064,15,950202,,EMBAJADA DEL PERÚ EN NUEVA ZELANDA.  ,90216,286,70,63,70,24.476,D,N,C,Contabilizada,9,FUERZA Y LIBERTAD,0,0
8806495020215,88064,088064,15,950202,,EMBAJADA DEL PERÚ EN NUEVA ZELANDA.  ,90216,286,70,63,70,24.476,D,N,C,Contabilizada,6,FRENTE POPULAR AGRÍCOLA FÍA DEL PERÚ,0,0
8806495020215,88064,088064,15,950202,,EMBAJADA DEL PERÚ EN NUEVA ZELANDA.  ,90216,286,70,63,70,24.476,D,N,C,Contabilizada,18,PARTIDO DEMÓCRATA VERDE,0,0
8806495020215,88064,088064,15,950202,,EMBAJADA DEL PERÚ EN NUEVA ZELANDA.  ,90216,286,70,63,70,24.476,D,N,C,Contabilizada,16,PARTIDO DEL BUEN GOBIERNO,12,17.143
8806495020215,88064,088064,15,950202,,EMBAJADA DEL PERÚ EN NUEVA ZELANDA.  ,90216,286,70,63,70,24.476,D,N,C,Contabilizada,10,JUNTOS POR EL PERÚ,0,0
8806495020215,88064,088064,15,950202,,EMBAJADA DEL PERÚ EN NUEVA ZELANDA.  ,90216,286,70,63,70,24.476,D,N,C,Contabilizada,28,PARTIDO POLÍTICO PERÚ ACCIÓN,0,0
8806495020215,88064,088064,15,950202,,EMBAJADA DEL PERÚ EN NUEVA ZELANDA.  ,90216,286,70,63,70,24.476,D,N,C,Contabilizada,21,PARTIDO FRENTE DE LA ESPERANZA 2021,0,0
8806495020215,88064,088064,15,950202,,EMBAJADA DEL PERÚ EN NUEVA ZELANDA.  ,90216,286,70,63,70,24.476,D,N,C,Contabilizada,20,PARTIDO DEMOCRÁTICO SOMOS PERÚ,0,0
8806495020215,88064,088064,15,950202,,EMBAJADA DEL PERÚ EN NUEVA ZELANDA.  ,90216,286,70,63,70,24.476,D,N,C,Contabilizada,17,PARTIDO DEMÓCRATA UNIDO PERÚ,0,0
8806495020215,88064,088064,15,950202,,EMBAJADA DEL PERÚ EN NUEVA ZELANDA.  ,90216,286,70,63,70,24.476,D,N,C,Contabilizada,8,FUERZA POPULAR,2,2.857
8806495020215,88064,088064,15,950202,,EMBAJADA DEL PERÚ EN NUEVA ZELANDA.  ,90216,286,70,63,70,24.476,D,N,C,Contabilizada,2,AHORA NACIÓN - AN,5,7.143
8806495020215,88064,088064,15,950202,,EMBAJADA DEL PERÚ EN NUEVA ZELANDA.  ,90216,286,70,63,70,24.476,D,N,C,Contabilizada,23,PARTIDO PAÍS PARA TODOS,2,2.857
8806495020215,88064,088064,15,950202,,EMBAJADA DEL PERÚ EN NUEVA ZELANDA.  ,90216,286,70,63,70,24.476,D,N,C,Contabilizada,36,SALVEMOS AL PERÚ,,0
8806495020215,88064,088064,15,950202,,EMBAJADA DEL PERÚ EN NUEVA ZELANDA.  ,90216,286,70,63,70,24.476,D,N,C,Contabilizada,11,LIBERTAD POPULAR,0,0
8806495020215,88064,088064,15,950202,,EMBAJADA DEL PERÚ EN NUEVA ZELANDA.  ,90216,286,70,63,70,24.476,D,N,C,Contabilizada,14,PARTIDO CÍVICO OBRAS,1,1.429
8806495020215,88064,088064,15,950202,,EMBAJADA DEL PERÚ EN NUEVA ZELANDA.  ,90216,286,70,63,70,24.476,D,N,C,Contabilizada,81,VOTOS NULOS,4,5.714
8806495020215,88064,088064,15,950202,,EMBAJADA DEL PERÚ EN NUEVA ZELANDA.  ,90216,286,70,63,70,24.476,D,N,C,Contabilizada,80,VOTOS EN BLANCO,3,4.286
8806495020215,88064,088064,15,950202,,EMBAJADA DEL PERÚ EN NUEVA ZELANDA.  ,90216,286,70,63,70,24.476,D,N,C,Contabilizada,82,VOTOS IMPUGNADOS,0,0
8806495020214,88064,088064,14,950202,,EMBAJADA DEL PERÚ EN NUEVA ZELANDA.  ,90216,286,70,61,70,24.476,D,N,C,Contabilizada,10,JUNTOS POR EL PERÚ,0,0
8806495020214,88064,088064,14,950202,,EMBAJADA DEL PERÚ EN NUEVA ZELANDA.  ,90216,286,70,61,70,24.476,D,N,C,Contabilizada,27,PARTIDO POLÍTICO NACIONAL PERÚ LIBRE,0,0
8806495020214,88064,088064,14,950202,,EMBAJADA DEL PERÚ EN NUEVA ZELANDA.  ,90216,286,70,61,70,24.476,D,N,C,Contabilizada,36,SALVEMOS AL PERÚ,0,0
8806495020214,88064,088064,14,950202,,EMBAJADA DEL PERÚ EN NUEVA ZELANDA.  ,90216,286,70,61,70,24.476,D,N,C,Contabilizada,13,PARTIDO CIUDADANOS POR EL PERÚ,,0
8806495020214,88064,088064,14,950202,,EMBAJADA DEL PERÚ EN NUEVA ZELANDA.  ,90216,286,70,61,70,24.476,D,N,C,Contabilizada,11,LIBERTAD POPULAR,1,1.429
8806495020214,88064,088064,14,950202,,EMBAJADA DEL PERÚ EN NUEVA ZELANDA.  ,90216,286,70,61,70,24.476,D,N,C,Contabilizada,7,AVANZA PAÍS - PARTIDO DE INTEGRACIÓN SOCIAL,1,1.429
8806495020214,88064,088064,14,950202,,EMBAJADA DEL PERÚ EN NUEVA ZELANDA.  ,90216,286,70,61,70,24.476,D,N,C,Contabilizada,5,FE EN EL PERÚ,,0
8806495020214,88064,088064,14,950202,,EMBAJADA DEL PERÚ EN NUEVA ZELANDA.  ,90216,286,70,61,70,24.476,D,N,C,Contabilizada,26,PARTIDO POLÍTICO INTEGRIDAD DEMOCRÁTICA,0,0
8806495020214,88064,088064,14,950202,,EMBAJADA DEL PERÚ EN NUEVA ZELANDA.  ,90216,286,70,61,70,24.476,D,N,C,Contabilizada,35,RENOVACIÓN POPULAR,20,28.571
8806495020214,88064,088064,14,950202,,EMBAJADA DEL PERÚ EN NUEVA ZELANDA.  ,90216,286,70,61,70,24.476,D,N,C,Contabilizada,6,FRENTE POPULAR AGRÍCOLA FÍA DEL PERÚ,0,0
8806495020214,88064,088064,14,950202,,EMBAJADA DEL PERÚ EN NUEVA ZELANDA.  ,90216,286,70,61,70,24.476,D,N,C,Contabilizada,31,PARTIDO SICREO,3,4.286
8806495020214,88064,088064,14,950202,,EMBAJADA DEL PERÚ EN NUEVA ZELANDA.  ,90216,286,70,61,70,24.476,D,N,C,Contabilizada,16,PARTIDO DEL BUEN GOBIERNO,11,15.714
8806495020214,88064,088064,14,950202,,EMBAJADA DEL PERÚ EN NUEVA ZELANDA.  ,90216,286,70,61,70,24.476,D,N,C,Contabilizada,22,PARTIDO MORADO,0,0
8806495020214,88064,088064,14,950202,,EMBAJADA DEL PERÚ EN NUEVA ZELANDA.  ,90216,286,70,61,70,24.476,D,N,C,Contabilizada,24,PARTIDO PATRIÓTICO DEL PERÚ,,0
8806495020214,88064,088064,14,950202,,EMBAJADA DEL PERÚ EN NUEVA ZELANDA.  ,90216,286,70,61,70,24.476,D,N,C,Contabilizada,2,AHORA NACIÓN - AN,5,7.143
8806495020214,88064,088064,14,950202,,EMBAJADA DEL PERÚ EN NUEVA ZELANDA.  ,90216,286,70,61,70,24.476,D,N,C,Contabilizada,32,PODEMOS PERÚ,0,0
8806495020214,88064,088064,14,950202,,EMBAJADA DEL PERÚ EN NUEVA ZELANDA.  ,90216,286,70,61,70,24.476,D,N,C,Contabilizada,37,UN CAMINO DIFERENTE,0,0
8806495020214,88064,088064,14,950202,,EMBAJADA DEL PERÚ EN NUEVA ZELANDA.  ,90216,286,70,61,70,24.476,D,N,C,Contabilizada,20,PARTIDO DEMOCRÁTICO SOMOS PERÚ,0,0
8806495020214,88064,088064,14,950202,,EMBAJADA DEL PERÚ EN NUEVA ZELANDA.  ,90216,286,70,61,70,24.476,D,N,C,Contabilizada,14,PARTIDO CÍVICO OBRAS,1,1.429
8806495020214,88064,088064,14,950202,,EMBAJADA DEL PERÚ EN NUEVA ZELANDA.  ,90216,286,70,61,70,24.476,D,N,C,Contabilizada,12,PARTIDO APRISTA PERUANO,5,7.143
8806495020214,88064,088064,14,950202,,EMBAJADA DEL PERÚ EN NUEVA ZELANDA.  ,90216,286,70,61,70,24.476,D,N,C,Contabilizada,19,PARTIDO DEMOCRATICO FEDERAL,,0
8806495020214,88064,088064,14,950202,,EMBAJADA DEL PERÚ EN NUEVA ZELANDA.  ,90216,286,70,61,70,24.476,D,N,C,Contabilizada,15,PARTIDO DE LOS TRABAJADORES Y EMPRENDEDORES PTE - PERÚ,,0
8806495020214,88064,088064,14,950202,,EMBAJADA DEL PERÚ EN NUEVA ZELANDA.  ,90216,286,70,61,70,24.476,D,N,C,Contabilizada,23,PARTIDO PAÍS PARA TODOS,3,4.286
8806495020214,88064,088064,14,950202,,EMBAJADA DEL PERÚ EN NUEVA ZELANDA.  ,90216,286,70,61,70,24.476,D,N,C,Contabilizada,4,PERÚ MODERNO,0,0
8806495020214,88064,088064,14,950202,,EMBAJADA DEL PERÚ EN NUEVA ZELANDA.  ,90216,286,70,61,70,24.476,D,N,C,Contabilizada,29,PARTIDO POLÍTICO PERÚ PRIMERO,1,1.429
8806495020214,88064,088064,14,950202,,EMBAJADA DEL PERÚ EN NUEVA ZELANDA.  ,90216,286,70,61,70,24.476,D,N,C,Contabilizada,1,ALIANZA PARA EL PROGRESO,0,0
8806495020214,88064,088064,14,950202,,EMBAJADA DEL PERÚ EN NUEVA ZELANDA.  ,90216,286,70,61,70,24.476,D,N,C,Contabilizada,33,"PRIMERO LA GENTE – COMUNIDAD, ECOLOGÍA, LIBERTAD Y PROGRESO",5,7.143
8806495020214,88064,088064,14,950202,,EMBAJADA DEL PERÚ EN NUEVA ZELANDA.  ,90216,286,70,61,70,24.476,D,N,C,Contabilizada,9,FUERZA Y LIBERTAD,0,0
8806495020214,88064,088064,14,950202,,EMBAJADA DEL PERÚ EN NUEVA ZELANDA.  ,90216,286,70,61,70,24.476,D,N,C,Contabilizada,8,FUERZA POPULAR,2,2.857
8806495020214,88064,088064,14,950202,,EMBAJADA DEL PERÚ EN NUEVA ZELANDA.  ,90216,286,70,61,70,24.476,D,N,C,Contabilizada,38,UNIDAD NACIONAL,2,2.857
8806495020214,88064,088064,14,950202,,EMBAJADA DEL PERÚ EN NUEVA ZELANDA.  ,90216,286,70,61,70,24.476,D,N,C,Contabilizada,25,PARTIDO POLÍTICO COOPERACIÓN POPULAR,0,0
8806495020214,88064,088064,14,950202,,EMBAJADA DEL PERÚ EN NUEVA ZELANDA.  ,90216,286,70,61,70,24.476,D,N,C,Contabilizada,3,ALIANZA ELECTORAL VENCEREMOS,0,0
8806495020214,88064,088064,14,950202,,EMBAJADA DEL PERÚ EN NUEVA ZELANDA.  ,90216,286,70,61,70,24.476,D,N,C,Contabilizada,18,PARTIDO DEMÓCRATA VERDE,0,0
8806495020214,88064,088064,14,950202,,EMBAJADA DEL PERÚ EN NUEVA ZELANDA.  ,90216,286,70,61,70,24.476,D,N,C,Contabilizada,34,PROGRESEMOS,,0
8806495020214,88064,088064,14,950202,,EMBAJADA DEL PERÚ EN NUEVA ZELANDA.  ,90216,286,70,61,70,24.476,D,N,C,Contabilizada,28,PARTIDO POLÍTICO PERÚ ACCIÓN,0,0
8806495020214,88064,088064,14,950202,,EMBAJADA DEL PERÚ EN NUEVA ZELANDA.  ,90216,286,70,61,70,24.476,D,N,C,Contabilizada,30,PARTIDO POLÍTICO PRIN,,0
8806495020214,88064,088064,14,950202,,EMBAJADA DEL PERÚ EN NUEVA ZELANDA.  ,90216,286,70,61,70,24.476,D,N,C,Contabilizada,17,PARTIDO DEMÓCRATA UNIDO PERÚ,0,0
8806495020214,88064,088064,14,950202,,EMBAJADA DEL PERÚ EN NUEVA ZELANDA.  ,90216,286,70,61,70,24.476,D,N,C,Contabilizada,21,PARTIDO FRENTE DE LA ESPERANZA 2021,1,1.429
8806495020214,88064,088064,14,950202,,EMBAJADA DEL PERÚ EN NUEVA ZELANDA.  ,90216,286,70,61,70,24.476,D,N,C,Contabilizada,82,VOTOS IMPUGNADOS,0,0
8806495020214,88064,088064,14,950202,,EMBAJADA DEL PERÚ EN NUEVA ZELANDA.  ,90216,286,70,61,70,24.476,D,N,C,Contabilizada,81,VOTOS NULOS,4,5.714
8806495020214,88064,088064,14,950202,,EMBAJADA DEL PERÚ EN NUEVA ZELANDA.  ,90216,286,70,61,70,24.476,D,N,C,Contabilizada,80,VOTOS EN BLANCO,5,7.143
8806495020213,88064,088064,13,950202,,EMBAJADA DEL PERÚ EN NUEVA ZELANDA.  ,90216,286,70,63,70,24.476,D,N,C,Contabilizada,21,PARTIDO FRENTE DE LA ESPERANZA 2021,0,0
8806495020213,88064,088064,13,950202,,EMBAJADA DEL PERÚ EN NUEVA ZELANDA.  ,90216,286,70,63,70,24.476,D,N,C,Contabilizada,30,PARTIDO POLÍTICO PRIN,0,0
8806495020213,88064,088064,13,950202,,EMBAJADA DEL PERÚ EN NUEVA ZELANDA.  ,90216,286,70,63,70,24.476,D,N,C,Contabilizada,33,"PRIMERO LA GENTE – COMUNIDAD, ECOLOGÍA, LIBERTAD Y PROGRESO",3,4.286
8806495020213,88064,088064,13,950202,,EMBAJADA DEL PERÚ EN NUEVA ZELANDA.  ,90216,286,70,63,70,24.476,D,N,C,Contabilizada,25,PARTIDO POLÍTICO COOPERACIÓN POPULAR,0,0
8806495020213,88064,088064,13,950202,,EMBAJADA DEL PERÚ EN NUEVA ZELANDA.  ,90216,286,70,63,70,24.476,D,N,C,Contabilizada,31,PARTIDO SICREO,3,4.286
8806495020213,88064,088064,13,950202,,EMBAJADA DEL PERÚ EN NUEVA ZELANDA.  ,90216,286,70,63,70,24.476,D,N,C,Contabilizada,37,UN CAMINO DIFERENTE,0,0
8806495020213,88064,088064,13,950202,,EMBAJADA DEL PERÚ EN NUEVA ZELANDA.  ,90216,286,70,63,70,24.476,D,N,C,Contabilizada,34,PROGRESEMOS,1,1.429
8806495020213,88064,088064,13,950202,,EMBAJADA DEL PERÚ EN NUEVA ZELANDA.  ,90216,286,70,63,70,24.476,D,N,C,Contabilizada,22,PARTIDO MORADO,1,1.429
8806495020213,88064,088064,13,950202,,EMBAJADA DEL PERÚ EN NUEVA ZELANDA.  ,90216,286,70,63,70,24.476,D,N,C,Contabilizada,1,ALIANZA PARA EL PROGRESO,0,0
8806495020213,88064,088064,13,950202,,EMBAJADA DEL PERÚ EN NUEVA ZELANDA.  ,90216,286,70,63,70,24.476,D,N,C,Contabilizada,36,SALVEMOS AL PERÚ,0,0
8806495020213,88064,088064,13,950202,,EMBAJADA DEL PERÚ EN NUEVA ZELANDA.  ,90216,286,70,63,70,24.476,D,N,C,Contabilizada,38,UNIDAD NACIONAL,1,1.429
8806495020213,88064,088064,13,950202,,EMBAJADA DEL PERÚ EN NUEVA ZELANDA.  ,90216,286,70,63,70,24.476,D,N,C,Contabilizada,4,PERÚ MODERNO,,0
8806495020213,88064,088064,13,950202,,EMBAJADA DEL PERÚ EN NUEVA ZELANDA.  ,90216,286,70,63,70,24.476,D,N,C,Contabilizada,9,FUERZA Y LIBERTAD,0,0
8806495020213,88064,088064,13,950202,,EMBAJADA DEL PERÚ EN NUEVA ZELANDA.  ,90216,286,70,63,70,24.476,D,N,C,Contabilizada,20,PARTIDO DEMOCRÁTICO SOMOS PERÚ,0,0
8806495020213,88064,088064,13,950202,,EMBAJADA DEL PERÚ EN NUEVA ZELANDA.  ,90216,286,70,63,70,24.476,D,N,C,Contabilizada,28,PARTIDO POLÍTICO PERÚ ACCIÓN,0,0
8806495020213,88064,088064,13,950202,,EMBAJADA DEL PERÚ EN NUEVA ZELANDA.  ,90216,286,70,63,70,24.476,D,N,C,Contabilizada,10,JUNTOS POR EL PERÚ,,0
8806495020213,88064,088064,13,950202,,EMBAJADA DEL PERÚ EN NUEVA ZELANDA.  ,90216,286,70,63,70,24.476,D,N,C,Contabilizada,29,PARTIDO POLÍTICO PERÚ PRIMERO,1,1.429
8806495020213,88064,088064,13,950202,,EMBAJADA DEL PERÚ EN NUEVA ZELANDA.  ,90216,286,70,63,70,24.476,D,N,C,Contabilizada,14,PARTIDO CÍVICO OBRAS,2,2.857
8806495020213,88064,088064,13,950202,,EMBAJADA DEL PERÚ EN NUEVA ZELANDA.  ,90216,286,70,63,70,24.476,D,N,C,Contabilizada,27,PARTIDO POLÍTICO NACIONAL PERÚ LIBRE,0,0
8806495020213,88064,088064,13,950202,,EMBAJADA DEL PERÚ EN NUEVA ZELANDA.  ,90216,286,70,63,70,24.476,D,N,C,Contabilizada,11,LIBERTAD POPULAR,,0
8806495020213,88064,088064,13,950202,,EMBAJADA DEL PERÚ EN NUEVA ZELANDA.  ,90216,286,70,63,70,24.476,D,N,C,Contabilizada,24,PARTIDO PATRIÓTICO DEL PERÚ,0,0
8806495020213,88064,088064,13,950202,,EMBAJADA DEL PERÚ EN NUEVA ZELANDA.  ,90216,286,70,63,70,24.476,D,N,C,Contabilizada,13,PARTIDO CIUDADANOS POR EL PERÚ,,0
8806495020213,88064,088064,13,950202,,EMBAJADA DEL PERÚ EN NUEVA ZELANDA.  ,90216,286,70,63,70,24.476,D,N,C,Contabilizada,5,FE EN EL PERÚ,0,0
8806495020213,88064,088064,13,950202,,EMBAJADA DEL PERÚ EN NUEVA ZELANDA.  ,90216,286,70,63,70,24.476,D,N,C,Contabilizada,15,PARTIDO DE LOS TRABAJADORES Y EMPRENDEDORES PTE - PERÚ,,0
8806495020213,88064,088064,13,950202,,EMBAJADA DEL PERÚ EN NUEVA ZELANDA.  ,90216,286,70,63,70,24.476,D,N,C,Contabilizada,17,PARTIDO DEMÓCRATA UNIDO PERÚ,0,0
8806495020213,88064,088064,13,950202,,EMBAJADA DEL PERÚ EN NUEVA ZELANDA.  ,90216,286,70,63,70,24.476,D,N,C,Contabilizada,2,AHORA NACIÓN - AN,5,7.143
8806495020213,88064,088064,13,950202,,EMBAJADA DEL PERÚ EN NUEVA ZELANDA.  ,90216,286,70,63,70,24.476,D,N,C,Contabilizada,3,ALIANZA ELECTORAL VENCEREMOS,0,0
8806495020213,88064,088064,13,950202,,EMBAJADA DEL PERÚ EN NUEVA ZELANDA.  ,90216,286,70,63,70,24.476,D,N,C,Contabilizada,18,PARTIDO DEMÓCRATA VERDE,0,0
8806495020213,88064,088064,13,950202,,EMBAJADA DEL PERÚ EN NUEVA ZELANDA.  ,90216,286,70,63,70,24.476,D,N,C,Contabilizada,8,FUERZA POPULAR,2,2.857
8806495020213,88064,088064,13,950202,,EMBAJADA DEL PERÚ EN NUEVA ZELANDA.  ,90216,286,70,63,70,24.476,D,N,C,Contabilizada,23,PARTIDO PAÍS PARA TODOS,3,4.286
8806495020213,88064,088064,13,950202,,EMBAJADA DEL PERÚ EN NUEVA ZELANDA.  ,90216,286,70,63,70,24.476,D,N,C,Contabilizada,12,PARTIDO APRISTA PERUANO,6,8.571
8806495020213,88064,088064,13,950202,,EMBAJADA DEL PERÚ EN NUEVA ZELANDA.  ,90216,286,70,63,70,24.476,D,N,C,Contabilizada,26,PARTIDO POLÍTICO INTEGRIDAD DEMOCRÁTICA,0,0
8806495020213,88064,088064,13,950202,,EMBAJADA DEL PERÚ EN NUEVA ZELANDA.  ,90216,286,70,63,70,24.476,D,N,C,Contabilizada,35,RENOVACIÓN POPULAR,19,27.143
8806495020213,88064,088064,13,950202,,EMBAJADA DEL PERÚ EN NUEVA ZELANDA.  ,90216,286,70,63,70,24.476,D,N,C,Contabilizada,32,PODEMOS PERÚ,0,0
8806495020213,88064,088064,13,950202,,EMBAJADA DEL PERÚ EN NUEVA ZELANDA.  ,90216,286,70,63,70,24.476,D,N,C,Contabilizada,16,PARTIDO DEL BUEN GOBIERNO,14,20
8806495020213,88064,088064,13,950202,,EMBAJADA DEL PERÚ EN NUEVA ZELANDA.  ,90216,286,70,63,70,24.476,D,N,C,Contabilizada,19,PARTIDO DEMOCRATICO FEDERAL,,0
8806495020213,88064,088064,13,950202,,EMBAJADA DEL PERÚ EN NUEVA ZELANDA.  ,90216,286,70,63,70,24.476,D,N,C,Contabilizada,7,AVANZA PAÍS - PARTIDO DE INTEGRACIÓN SOCIAL,2,2.857
8806495020213,88064,088064,13,950202,,EMBAJADA DEL PERÚ EN NUEVA ZELANDA.  ,90216,286,70,63,70,24.476,D,N,C,Contabilizada,6,FRENTE POPULAR AGRÍCOLA FÍA DEL PERÚ,0,0
8806495020213,88064,088064,13,950202,,EMBAJADA DEL PERÚ EN NUEVA ZELANDA.  ,90216,286,70,63,70,24.476,D,N,C,Contabilizada,82,VOTOS IMPUGNADOS,0,0
8806495020213,88064,088064,13,950202,,EMBAJADA DEL PERÚ EN NUEVA ZELANDA.  ,90216,286,70,63,70,24.476,D,N,C,Contabilizada,80,VOTOS EN BLANCO,5,7.143
8806495020213,88064,088064,13,950202,,EMBAJADA DEL PERÚ EN NUEVA ZELANDA.  ,90216,286,70,63,70,24.476,D,N,C,Contabilizada,81,VOTOS NULOS,2,2.857
8806495020212,88064,088064,12,950202,,EMBAJADA DEL PERÚ EN NUEVA ZELANDA.  ,90216,286,70,59,70,24.476,D,N,C,Contabilizada,10,JUNTOS POR EL PERÚ,0,0
8806495020212,88064,088064,12,950202,,EMBAJADA DEL PERÚ EN NUEVA ZELANDA.  ,90216,286,70,59,70,24.476,D,N,C,Contabilizada,13,PARTIDO CIUDADANOS POR EL PERÚ,,0
8806495020212,88064,088064,12,950202,,EMBAJADA DEL PERÚ EN NUEVA ZELANDA.  ,90216,286,70,59,70,24.476,D,N,C,Contabilizada,34,PROGRESEMOS,1,1.429
8806495020212,88064,088064,12,950202,,EMBAJADA DEL PERÚ EN NUEVA ZELANDA.  ,90216,286,70,59,70,24.476,D,N,C,Contabilizada,12,PARTIDO APRISTA PERUANO,5,7.143
8806495020212,88064,088064,12,950202,,EMBAJADA DEL PERÚ EN NUEVA ZELANDA.  ,90216,286,70,59,70,24.476,D,N,C,Contabilizada,7,AVANZA PAÍS - PARTIDO DE INTEGRACIÓN SOCIAL,1,1.429
8806495020212,88064,088064,12,950202,,EMBAJADA DEL PERÚ EN NUEVA ZELANDA.  ,90216,286,70,59,70,24.476,D,N,C,Contabilizada,19,PARTIDO DEMOCRATICO FEDERAL,,0
8806495020212,88064,088064,12,950202,,EMBAJADA DEL PERÚ EN NUEVA ZELANDA.  ,90216,286,70,59,70,24.476,D,N,C,Contabilizada,25,PARTIDO POLÍTICO COOPERACIÓN POPULAR,0,0
8806495020212,88064,088064,12,950202,,EMBAJADA DEL PERÚ EN NUEVA ZELANDA.  ,90216,286,70,59,70,24.476,D,N,C,Contabilizada,22,PARTIDO MORADO,0,0
8806495020212,88064,088064,12,950202,,EMBAJADA DEL PERÚ EN NUEVA ZELANDA.  ,90216,286,70,59,70,24.476,D,N,C,Contabilizada,17,PARTIDO DEMÓCRATA UNIDO PERÚ,0,0
8806495020212,88064,088064,12,950202,,EMBAJADA DEL PERÚ EN NUEVA ZELANDA.  ,90216,286,70,59,70,24.476,D,N,C,Contabilizada,18,PARTIDO DEMÓCRATA VERDE,0,0
8806495020212,88064,088064,12,950202,,EMBAJADA DEL PERÚ EN NUEVA ZELANDA.  ,90216,286,70,59,70,24.476,D,N,C,Contabilizada,8,FUERZA POPULAR,2,2.857
8806495020212,88064,088064,12,950202,,EMBAJADA DEL PERÚ EN NUEVA ZELANDA.  ,90216,286,70,59,70,24.476,D,N,C,Contabilizada,27,PARTIDO POLÍTICO NACIONAL PERÚ LIBRE,0,0
8806495020212,88064,088064,12,950202,,EMBAJADA DEL PERÚ EN NUEVA ZELANDA.  ,90216,286,70,59,70,24.476,D,N,C,Contabilizada,30,PARTIDO POLÍTICO PRIN,0,0
8806495020212,88064,088064,12,950202,,EMBAJADA DEL PERÚ EN NUEVA ZELANDA.  ,90216,286,70,59,70,24.476,D,N,C,Contabilizada,5,FE EN EL PERÚ,0,0
8806495020212,88064,088064,12,950202,,EMBAJADA DEL PERÚ EN NUEVA ZELANDA.  ,90216,286,70,59,70,24.476,D,N,C,Contabilizada,26,PARTIDO POLÍTICO INTEGRIDAD DEMOCRÁTICA,0,0
8806495020212,88064,088064,12,950202,,EMBAJADA DEL PERÚ EN NUEVA ZELANDA.  ,90216,286,70,59,70,24.476,D,N,C,Contabilizada,23,PARTIDO PAÍS PARA TODOS,2,2.857
8806495020212,88064,088064,12,950202,,EMBAJADA DEL PERÚ EN NUEVA ZELANDA.  ,90216,286,70,59,70,24.476,D,N,C,Contabilizada,33,"PRIMERO LA GENTE – COMUNIDAD, ECOLOGÍA, LIBERTAD Y PROGRESO",4,5.714
8806495020212,88064,088064,12,950202,,EMBAJADA DEL PERÚ EN NUEVA ZELANDA.  ,90216,286,70,59,70,24.476,D,N,C,Contabilizada,6,FRENTE POPULAR AGRÍCOLA FÍA DEL PERÚ,0,0
8806495020212,88064,088064,12,950202,,EMBAJADA DEL PERÚ EN NUEVA ZELANDA.  ,90216,286,70,59,70,24.476,D,N,C,Contabilizada,16,PARTIDO DEL BUEN GOBIERNO,16,22.857
8806495020212,88064,088064,12,950202,,EMBAJADA DEL PERÚ EN NUEVA ZELANDA.  ,90216,286,70,59,70,24.476,D,N,C,Contabilizada,4,PERÚ MODERNO,0,0
8806495020212,88064,088064,12,950202,,EMBAJADA DEL PERÚ EN NUEVA ZELANDA.  ,90216,286,70,59,70,24.476,D,N,C,Contabilizada,28,PARTIDO POLÍTICO PERÚ ACCIÓN,,0
8806495020212,88064,088064,12,950202,,EMBAJADA DEL PERÚ EN NUEVA ZELANDA.  ,90216,286,70,59,70,24.476,D,N,C,Contabilizada,14,PARTIDO CÍVICO OBRAS,2,2.857
8806495020212,88064,088064,12,950202,,EMBAJADA DEL PERÚ EN NUEVA ZELANDA.  ,90216,286,70,59,70,24.476,D,N,C,Contabilizada,36,SALVEMOS AL PERÚ,0,0
8806495020212,88064,088064,12,950202,,EMBAJADA DEL PERÚ EN NUEVA ZELANDA.  ,90216,286,70,59,70,24.476,D,N,C,Contabilizada,20,PARTIDO DEMOCRÁTICO SOMOS PERÚ,0,0
8806495020212,88064,088064,12,950202,,EMBAJADA DEL PERÚ EN NUEVA ZELANDA.  ,90216,286,70,59,70,24.476,D,N,C,Contabilizada,37,UN CAMINO DIFERENTE,0,0
8806495020212,88064,088064,12,950202,,EMBAJADA DEL PERÚ EN NUEVA ZELANDA.  ,90216,286,70,59,70,24.476,D,N,C,Contabilizada,3,ALIANZA ELECTORAL VENCEREMOS,0,0
8806495020212,88064,088064,12,950202,,EMBAJADA DEL PERÚ EN NUEVA ZELANDA.  ,90216,286,70,59,70,24.476,D,N,C,Contabilizada,31,PARTIDO SICREO,,0
8806495020212,88064,088064,12,950202,,EMBAJADA DEL PERÚ EN NUEVA ZELANDA.  ,90216,286,70,59,70,24.476,D,N,C,Contabilizada,11,LIBERTAD POPULAR,0,0
8806495020212,88064,088064,12,950202,,EMBAJADA DEL PERÚ EN NUEVA ZELANDA.  ,90216,286,70,59,70,24.476,D,N,C,Contabilizada,15,PARTIDO DE LOS TRABAJADORES Y EMPRENDEDORES PTE - PERÚ,0,0
8806495020212,88064,088064,12,950202,,EMBAJADA DEL PERÚ EN NUEVA ZELANDA.  ,90216,286,70,59,70,24.476,D,N,C,Contabilizada,24,PARTIDO PATRIÓTICO DEL PERÚ,0,0
8806495020212,88064,088064,12,950202,,EMBAJADA DEL PERÚ EN NUEVA ZELANDA.  ,90216,286,70,59,70,24.476,D,N,C,Contabilizada,21,PARTIDO FRENTE DE LA ESPERANZA 2021,,0
8806495020212,88064,088064,12,950202,,EMBAJADA DEL PERÚ EN NUEVA ZELANDA.  ,90216,286,70,59,70,24.476,D,N,C,Contabilizada,1,ALIANZA PARA EL PROGRESO,0,0
8806495020212,88064,088064,12,950202,,EMBAJADA DEL PERÚ EN NUEVA ZELANDA.  ,90216,286,70,59,70,24.476,D,N,C,Contabilizada,32,PODEMOS PERÚ,0,0
8806495020212,88064,088064,12,950202,,EMBAJADA DEL PERÚ EN NUEVA ZELANDA.  ,90216,286,70,59,70,24.476,D,N,C,Contabilizada,9,FUERZA Y LIBERTAD,0,0
8806495020212,88064,088064,12,950202,,EMBAJADA DEL PERÚ EN NUEVA ZELANDA.  ,90216,286,70,59,70,24.476,D,N,C,Contabilizada,38,UNIDAD NACIONAL,1,1.429
8806495020212,88064,088064,12,950202,,EMBAJADA DEL PERÚ EN NUEVA ZELANDA.  ,90216,286,70,59,70,24.476,D,N,C,Contabilizada,35,RENOVACIÓN POPULAR,20,28.571
8806495020212,88064,088064,12,950202,,EMBAJADA DEL PERÚ EN NUEVA ZELANDA.  ,90216,286,70,59,70,24.476,D,N,C,Contabilizada,29,PARTIDO POLÍTICO PERÚ PRIMERO,1,1.429
8806495020212,88064,088064,12,950202,,EMBAJADA DEL PERÚ EN NUEVA ZELANDA.  ,90216,286,70,59,70,24.476,D,N,C,Contabilizada,2,AHORA NACIÓN - AN,4,5.714
8806495020212,88064,088064,12,950202,,EMBAJADA DEL PERÚ EN NUEVA ZELANDA.  ,90216,286,70,59,70,24.476,D,N,C,Contabilizada,81,VOTOS NULOS,2,2.857
8806495020212,88064,088064,12,950202,,EMBAJADA DEL PERÚ EN NUEVA ZELANDA.  ,90216,286,70,59,70,24.476,D,N,C,Contabilizada,80,VOTOS EN BLANCO,9,12.857
8806495020212,88064,088064,12,950202,,EMBAJADA DEL PERÚ EN NUEVA ZELANDA.  ,90216,286,70,59,70,24.476,D,N,C,Contabilizada,82,VOTOS IMPUGNADOS,0,0
